species_name,assembly_ids
Agrobacterium burrii,GCA_017313405.1;GCA_976989045.1
Agrobacterium cucumeris,GCA_030036535.1;GCA_056032865.1;GCA_056032885.1;GCA_056032905.1
Agrobacterium deltae,GCA_003610845.1;GCA_003931535.1;GCA_019511265.1;GCA_042195535.1;GCA_042267745.1;GCA_042750365.1;GCA_042796195.1;GCA_044772245.1;GCA_050971745.1;GCA_052261235.1;GCA_053616835.1;GCA_053617935.1
Agrobacterium deltaense,GCA_900012585.1;GCA_900013505.1;GCA_900013515.1
Agrobacterium fabacearum,GCA_000442985.1;GCA_900012575.1;GCA_900014385.1;GCA_900039255.1
Agrobacterium radiobacter,GCA_000421945.1;GCA_001541305.1;GCA_002008215.1;GCA_008801385.1;GCA_011684005.1;GCA_013317795.2;GCA_014197895.1;GCA_014197995.1;GCA_014198055.1;GCA_014198065.1;GCA_014198165.1;GCA_014198255.1;GCA_014198395.1;GCA_014198435.1;GCA_014198455.1;GCA_014198495.1;GCA_014198505.1;GCA_014198555.1;GCA_014198595.1;GCA_014198635.1;GCA_014200255.1;GCA_040427025.1;GCA_040676355.1;GCA_040801925.1;GCA_040801995.1;GCA_049546465.1;GCA_049847435.1;GCA_049847465.1;GCA_049847485.1;GCA_049847585.1;GCA_049847605.1;GCA_049847645.1;GCA_049847665.1;GCA_049904605.1;GCA_052044525.1;GCA_052044675.1;GCA_052045365.1;GCA_054788375.1;GCA_057529205.1;GCA_963360635.1;GCA_965137755.1
Agrobacterium tomkonis,GCA_020215445.1;GCA_020215465.1;GCA_020215515.1;GCA_020218025.1;GCA_020218035.1;GCA_056935535.1;GCA_900013535.1
Agrobacterium vacciniicorymbosi,GCA_040427045.1;GCA_056392075.1;GCA_056392595.1
Brenneria corticis,GCA_003115855.1
Brenneria izbisi,GCA_025840185.1;GCA_025840205.1
Brenneria populi,GCA_036016195.1;GCA_036016275.1;GCA_040240225.1;GCA_040240295.1
Brenneria tiliae,GCA_023347555.1;GCA_023347575.1;GCA_023347585.1
Brenneria uluponensis,GCA_032395385.1;GCA_056269725.1
Clavibacter davisi,GCA_047532755.1;GCA_047532835.1;GCA_052606105.1;GCA_052751415.1
Clavibacter quasicaliforniensis,GCA_015351125.1;GCA_051201705.1;GCA_051201715.1
Clavibacter rahimiani,GCA_047345555.1;GCA_052654495.1
Clavibacter seminis,GCA_000698005.1;GCA_021919125.1
Clavibacter vidaverae,GCA_047529985.1
Erwinia aeris,GCA_041224955.1
Erwinia artemisiae,GCA_051400835.1
Erwinia haradaeae,GCA_900143135.1;GCA_900698855.1;GCA_900698875.1;GCA_900698885.1;GCA_900698925.1;GCA_900698935.1;GCA_900698955.1;GCA_900698965.1;GCA_900698985.1;GCA_900698995.1;GCA_900699015.1
Erwinia impunctatus,GCA_964016415.1
Erwinia magellanica,GCA_039023495.1
Erwinia papayae,GCA_040741485.1
Erwinia plantamica,GCA_043420595.1
Erwinia psychrophila,GCA_039023475.1
Erwinia pyri,GCA_030758455.1
Erwinia wuhanensis,GCA_030484085.1
Liberibacter brunswickensis,GCA_036858155.1
Liberibacter capsica,GCA_024033875.1
Liberibacter psyllidaureus,GCA_047604945.1
Pantoea alvi,GCA_002920175.1
Pantoea astica,GCA_002434205.1
Pantoea bathycoeliae,GCA_031332935.1
Pantoea borealis,GCA_002454735.1
Pantoea communis,GCA_011752685.1;GCA_056491485.1;GCA_056491515.1;GCA_056491625.1;GCA_056491745.1;GCA_056491765.1;GCA_056491805.1;GCA_056491865.1
Pantoea hericii,GCA_014155795.1
Pantoea jilinensis,GCA_019104105.1
Pantoea leporis,GCA_028048155.1;GCA_040538925.1
Pantoea multigeneris,GCA_011752615.1
Pantoea nemavictus,GCA_013450275.1;GCA_037479095.1
Pantoea osteomyelitidis,GCA_044342975.1
Pantoea phosphatilytica,GCA_051025615.1;GCA_056316085.1
Pantoea phyllosphaerae,GCA_051025595.1
Pantoea phytobeneficialis,GCA_009728735.1;GCA_030548545.1;GCA_056712285.1;GCA_056712385.1;GCA_056712475.1
Pantoea phytostimulans,GCA_046118715.1;GCA_056897325.1;GCA_056897355.1;GCA_056897375.1;GCA_058111545.1
Pantoea pleuroti,GCA_014156615.1
Pantoea rara,GCA_002419935.1;GCA_051136265.1
Pantoea sesami,GCA_900129625.1
Pantoea superficialis,GCA_002299595.1
Pantoea symbiotica,GCA_056491525.1;GCA_900114175.1
Pantoea tagorei,GCA_052258085.1
Pantoea trifolii,GCA_024506435.1;GCA_024506475.1;GCA_029623425.1;GCA_051336945.1;GCA_056491505.1;GCA_056491645.1;GCA_056491655.1;GCA_056491885.1
Pectobacterium cacticida,GCA_025946765.1;GCA_036885025.1;GCA_036885195.1;GCA_036903525.1;GCA_036903565.1;GCA_040224415.1;GCA_042432185.1;GCA_046618845.1
Pectobacterium jejuense,GCA_026800125.1;GCA_040225075.1;GCA_044751985.1;GCA_044752105.1;GCA_044752125.1
Pectobacterium odoriferum,GCA_000754715.1;GCA_000754765.1;GCA_000769535.1;GCA_002904005.1;GCA_002904025.1;GCA_002904045.1;GCA_002904055.1;GCA_002904085.1;GCA_002904105.1;GCA_002904125.1;GCA_002904145.1;GCA_002904185.1;GCA_002904195.1;GCA_002904225.1;GCA_002904255.1;GCA_009931295.1;GCA_013450045.1;GCA_020406595.1;GCA_022507245.1;GCA_040224355.1;GCA_040224555.1;GCA_040225195.1
Pectobacterium parvum,GCA_000749915.1;GCA_000808415.1;GCA_009931575.1;GCA_020971565.1;GCA_024722495.1;GCA_025466305.1;GCA_037135935.1;GCA_040224335.1;GCA_044751665.1;GCA_044751725.1;GCA_044751785.1;GCA_044752485.1;GCA_057842065.1;GCA_900195285.2;GCA_900195295.2
Pectobacterium quasiaquaticum,GCA_014946775.2;GCA_014946805.1;GCA_014946825.2;GCA_014946835.1;GCA_014946845.1;GCA_014946865.1;GCA_014946905.1
Pectobacterium sinaloense,GCA_051468635.1
Pseudomonas [fluorescens],GCA_000708695.3;GCA_931907645.1
Pseudomonas adelgestsugas,GCA_004124255.1
Pseudomonas aestiva,GCA_039908605.1;GCA_057839125.1
Pseudomonas aestuarii,GCA_027988105.1
Pseudomonas agronomica,GCA_025917275.1
Pseudomonas algeriensis,GCA_048847255.1
Pseudomonas allii,GCA_013391985.1;GCA_013392005.1;GCA_031588425.1;GCA_055380095.1;GCA_055380525.1;GCA_055380955.1;GCA_055381345.1
Pseudomonas aphyarum,GCA_028657035.1;GCA_028657055.1;GCA_028657135.1
Pseudomonas arabinosi,GCA_047758675.1
Pseudomonas artemisiae,GCA_057128645.1;GCA_057128685.1
Pseudomonas auctus,GCA_048654275.1
Pseudomonas auratipiscis,GCA_036324085.1;GCA_036324105.1
Pseudomonas azerbaijanorientalis,GCA_019139795.1;GCA_045897075.1;GCA_045897315.1;GCA_045897375.1;GCA_057396065.1
Pseudomonas bambusae,GCA_038397775.1
Pseudomonas beijingensis,GCA_030687295.1;GCA_030687675.1;GCA_030687875.1
Pseudomonas benzopyrenica,GCA_026768275.1;GCA_036884265.1;GCA_047470825.1;GCA_051805705.1;GCA_055632475.1;GCA_055632555.1;GCA_056428845.1;GCA_056428905.1;GCA_056431385.1;GCA_056521265.1
Pseudomonas boreofloridensis,GCA_030580795.1;GCA_041947115.1
Pseudomonas carassii,GCA_036324045.1
Pseudomonas carnis,GCA_013522615.1;GCA_013522665.1;GCA_013522805.1;GCA_016008955.1;GCA_016009355.1;GCA_016307605.1;GCA_016307645.1;GCA_016307665.1;GCA_016405205.1;GCA_016405215.1;GCA_016405715.1;GCA_016613185.1;GCA_016984115.1;GCA_018340895.1;GCA_018340935.1;GCA_019097535.1;GCA_019097565.1;GCA_019570475.1;GCA_019891425.1;GCA_021602325.1;GCA_021602385.1;GCA_021603285.1;GCA_021603445.1;GCA_021603725.1;GCA_021887455.1;GCA_021887495.1;GCA_021887555.1;GCA_021887565.1;GCA_021887595.1;GCA_024106375.1;GCA_024722005.1;GCA_028682075.1;GCA_028863905.1;GCA_029840285.1;GCA_033659945.1;GCA_046644885.1;GCA_056493645.1;GCA_057334375.1;GCA_057815075.1;GCA_900618835.1;GCA_902329575.1;GCA_918697895.1;GCA_918697955.1;GCA_918697985.1;GCA_918698185.1;GCA_965118415.1
Pseudomonas chaetocerotis,GCA_015712105.2
Pseudomonas cimarronensis,GCA_049331905.1
Pseudomonas citri,GCA_025336485.1
Pseudomonas citrullilanati,GCA_030580855.1;GCA_048452885.1
Pseudomonas colombiensis,GCA_029202425.1
Pseudomonas corni,GCA_057128765.1
Pseudomonas coronafaciens,GCA_000156995.2;GCA_000773135.1;GCA_001275725.1;GCA_001275735.1;GCA_001293935.1;GCA_001400345.1;GCA_001400695.1;GCA_001400895.1;GCA_001400915.1;GCA_001401235.1;GCA_003415685.1;GCA_003415745.1;GCA_003415795.1;GCA_003415835.1;GCA_003415845.1;GCA_003415875.1;GCA_003415895.1;GCA_003415915.1;GCA_003415945.1;GCA_003415955.1;GCA_003415975.1;GCA_003415985.1;GCA_003416005.1;GCA_003416035.1;GCA_003416055.1;GCA_003416075.1;GCA_003416085.1;GCA_003416175.1;GCA_003416195.1;GCA_003416235.1;GCA_003416245.1;GCA_003416255.1;GCA_003416295.1;GCA_003416325.1;GCA_003416345.1;GCA_003416355.1;GCA_003416385.1;GCA_003416395.1;GCA_003416405.1;GCA_003416425.1;GCA_003416445.1;GCA_003416455.1;GCA_003416495.1;GCA_003416505.1;GCA_003416545.1;GCA_003416565.1;GCA_003416575.1;GCA_003416625.1;GCA_003416645.1;GCA_003416655.1;GCA_003416665.1;GCA_003416675.1;GCA_003416705.1;GCA_003699275.1;GCA_003699495.1;GCA_003699655.1;GCA_003699755.1;GCA_003699785.1;GCA_003699955.1;GCA_003700475.1;GCA_003700515.1;GCA_003700905.1;GCA_003701455.1;GCA_003701545.1;GCA_003701555.1;GCA_003701755.1;GCA_003701785.1;GCA_003701985.1;GCA_003702225.1;GCA_003702885.1;GCA_003702895.1;GCA_003703115.1;GCA_003703185.1;GCA_003703225.1;GCA_003703265.1;GCA_009734285.1;GCA_011765175.1;GCA_044385205.1
Pseudomonas cucumis,GCA_030687915.1;GCA_030687935.1
Pseudomonas danubii,GCA_042980055.1;GCA_045013515.1
Pseudomonas emilianonis,GCA_023072625.1
Pseudomonas ficuserectae,GCA_001400815.1;GCA_003701585.1;GCA_003701615.1;GCA_024584585.1;GCA_041449375.1;GCA_041449415.1
Pseudomonas fjordensis,GCA_003952245.1;GCA_976987115.1
Pseudomonas flavescens,GCA_002091575.1
Pseudomonas flavocrustae,GCA_029872515.1
Pseudomonas fontis,GCA_028656955.1;GCA_028656975.1
Pseudomonas fortuita,GCA_026898135.2;GCA_049534775.1;GCA_050920535.1;GCA_051027355.1;GCA_056641835.1
Pseudomonas fragariae,GCA_026130225.1;GCA_032681325.1;GCA_033989375.1;GCA_033989385.1;GCA_033989425.1;GCA_034187625.1;GCA_050188355.1;GCA_051905615.1;GCA_051941885.1;GCA_051941975.1;GCA_051942555.1;GCA_051943355.1;GCA_051943385.1;GCA_051943435.1;GCA_052043555.1;GCA_052156295.1;GCA_054501825.1;GCA_056155865.1;GCA_056155925.1;GCA_056582605.1
Pseudomonas frigoris,GCA_047758635.1
Pseudomonas fungipugnans,GCA_029955235.1
Pseudomonas germanica,GCA_019614655.1;GCA_034021035.1;GCA_976997325.1;GCA_976997635.1;GCA_976997695.1;GCA_977008085.1;GCA_977008155.1
Pseudomonas glycinis,GCA_054871425.1
Pseudomonas gorinensis,GCA_000508205.1;GCA_042015035.1;GCA_050627045.1;GCA_050627115.1;GCA_050709935.1;GCA_056161525.1;GCA_057321105.1;GCA_976997685.1;GCA_976997715.1;GCA_977007905.1;GCA_977008255.1
Pseudomonas grandcourensis,GCA_039909015.1
Pseudomonas halotolerans,GCA_039581215.1
Pseudomonas hefeiensis,GCA_030687315.1;GCA_030687475.1;GCA_030687835.1
Pseudomonas helmanticensis,GCA_004365765.1;GCA_044743465.1;GCA_900182985.1
Pseudomonas helvetica,GCA_039908645.1;GCA_057813975.1
Pseudomonas huanghezhanensis,GCA_026810445.1
Pseudomonas idahonensis,GCA_028656875.1;GCA_028657095.1;GCA_037903935.1;GCA_041950015.1;GCA_054880975.1
Pseudomonas imperatae,GCA_057128595.1;GCA_057128625.1
Pseudomonas imrae,GCA_046352735.2;GCA_046359005.1;GCA_046359085.1
Pseudomonas iranensis,GCA_014268585.2;GCA_030769685.1
Pseudomonas jilinensis,GCA_003586265.1
Pseudomonas kulmbachensis,GCA_043956615.1;GCA_043956725.1;GCA_043956745.1;GCA_055407365.1;GCA_055407425.1;GCA_055407665.1;GCA_055407705.1;GCA_055407745.1;GCA_055409365.1;GCA_055409525.1;GCA_055409535.1;GCA_963681925.1;GCA_963681935.1
Pseudomonas kurunegalensis,GCA_014269245.2;GCA_020251485.1;GCA_021282905.1;GCA_021283125.2;GCA_021283255.1;GCA_024520455.1;GCA_024520475.1;GCA_024520675.1;GCA_024520725.1;GCA_024520745.1;GCA_028682735.1;GCA_030291635.1;GCA_032027445.1;GCA_038750345.1;GCA_039880285.1;GCA_041464065.1;GCA_048010115.1;GCA_050916495.1;GCA_052368075.1;GCA_056990775.1;GCA_057401695.1
Pseudomonas lyxosi,GCA_047758685.1
Pseudomonas macauensis,GCA_047902425.1
Pseudomonas machongensis,GCA_034961125.1;GCA_053609335.1;GCA_057370435.1
Pseudomonas medicaginis,GCA_965119365.1;GCA_965653665.1
Pseudomonas meliae,GCA_000935675.1;GCA_001400515.1
Pseudomonas mercuritolerans,GCA_025706525.1;GCA_056333215.1
Pseudomonas monachiensis,GCA_046117175.1;GCA_046117195.1;GCA_046117215.1;GCA_047345015.1;GCA_052324505.1;GCA_052324525.1;GCA_052324565.1
Pseudomonas morbosilactucae,GCA_023241665.1;GCA_023241715.1
Pseudomonas multiresinivorans,GCA_012971725.1
Pseudomonas ogarae,GCA_000237065.1;GCA_000968575.1;GCA_002027095.1;GCA_002027165.1;GCA_002303915.1;GCA_002303965.1;GCA_002879715.1;GCA_014268695.2;GCA_016887885.1;GCA_047273465.1;GCA_047273485.1;GCA_047273505.1;GCA_047273525.1;GCA_047273565.1;GCA_050990505.1;GCA_054788335.1;GCA_054788415.1;GCA_057396005.1;GCA_057814115.1
Pseudomonas onubensis,GCA_965653655.1
Pseudomonas oplopanacis,GCA_057128725.1
Pseudomonas oryziphila,GCA_003940785.1;GCA_003940825.1
Pseudomonas paeninsulae,GCA_035621475.1
Pseudomonas paraveronii,GCA_055406095.1;GCA_055406185.1;GCA_055406245.1;GCA_055406285.1;GCA_055406305.1;GCA_963681945.1;GCA_963681955.1;GCA_978045445.1
Pseudomonas petroselini,GCA_021166545.1;GCA_021166595.1;GCA_021166635.1;GCA_021166655.1;GCA_045037875.1;GCA_057814075.1
Pseudomonas phoenicis,GCA_047238285.1;GCA_047302295.1;GCA_047302385.1;GCA_047302395.1
Pseudomonas phytophila,GCA_025643095.1
Pseudomonas phytovorans,GCA_029202525.1
Pseudomonas pichavaramensis,GCA_050473265.1
Pseudomonas psychrotolerans,GCA_000236825.2
Pseudomonas purpurea,GCA_039908635.1
Pseudomonas qingdaonensis,GCA_002806685.1;GCA_015773135.1;GCA_018398475.1;GCA_021601925.1;GCA_021603505.1;GCA_022712015.1;GCA_024919615.1;GCA_030505435.1;GCA_032080385.1;GCA_032112545.1;GCA_032112855.1;GCA_036039025.1;GCA_040274255.1;GCA_040391765.1;GCA_040396675.1;GCA_041276865.1;GCA_042890325.1;GCA_044903475.1;GCA_044903665.1;GCA_050275355.1;GCA_050275535.1;GCA_057334115.1;GCA_057334355.1;GCA_057477275.1
Pseudomonas quasicaspiana,GCA_021147785.1;GCA_021147805.1;GCA_021147825.1;GCA_029764025.1
Pseudomonas quebecensis,GCA_026309325.1;GCA_026410085.1;GCA_026410105.1;GCA_026410125.1
Pseudomonas retamae,GCA_043496865.1
Pseudomonas rhizozeae,GCA_031583775.1
Pseudomonas rosaeacicularis,GCA_057128745.1
Pseudomonas rossensis,GCA_039888995.1
Pseudomonas rubra,GCA_028656935.1;GCA_028657075.1;GCA_028657115.1
Pseudomonas salicis,GCA_057128705.1
Pseudomonas salmasensis,GCA_014268375.2;GCA_034105305.1;GCA_039727805.1;GCA_053456405.1;GCA_053456415.1
Pseudomonas savastanoi,GCA_000012205.1;GCA_000143005.1;GCA_000164015.3;GCA_000187045.2;GCA_000187065.2;GCA_000225805.1;GCA_000732035.1;GCA_000751155.1;GCA_000935695.1;GCA_001293725.1;GCA_001293765.1;GCA_001294025.1;GCA_001294035.1;GCA_001294065.1;GCA_001294105.1;GCA_001294195.1;GCA_001294265.1;GCA_001294275.1;GCA_001400375.1;GCA_001400575.1;GCA_001400605.1;GCA_001400935.1;GCA_001401285.1;GCA_001467115.1;GCA_001483545.1;GCA_001535815.1;GCA_001538155.1;GCA_002115545.1;GCA_002269785.1;GCA_002269885.1;GCA_002270015.1;GCA_003205945.1;GCA_003412855.1;GCA_003412865.1;GCA_003412905.1;GCA_003412915.1;GCA_003412965.1;GCA_003412985.1;GCA_003412995.1;GCA_003413015.1;GCA_003413035.1;GCA_003413065.1;GCA_003413075.1;GCA_003413095.1;GCA_003413115.1;GCA_003413145.1;GCA_003413155.1;GCA_003413175.1;GCA_003413195.1;GCA_003413225.1;GCA_003413235.1;GCA_003413245.1;GCA_003413305.1;GCA_003413325.1;GCA_003413345.1;GCA_003413365.1;GCA_003413375.1;GCA_003413385.1;GCA_003413425.1;GCA_003413445.1;GCA_003699095.1;GCA_003699125.1;GCA_003699215.1;GCA_003699255.1;GCA_003699315.1;GCA_003699365.1;GCA_003699395.1;GCA_003699425.1;GCA_003699565.1;GCA_003699605.1;GCA_003699675.1;GCA_003699685.1;GCA_003699695.1;GCA_003699735.1;GCA_003700005.1;GCA_003700145.1;GCA_003700195.1;GCA_003700245.1;GCA_003700295.1;GCA_003700395.1;GCA_003700445.1;GCA_003700495.1;GCA_003700625.1;GCA_003700655.1;GCA_003700695.1;GCA_003700985.1;GCA_003701035.1;GCA_003701045.1;GCA_003701095.1;GCA_003701155.1;GCA_003701195.1;GCA_003701265.1;GCA_003701285.1;GCA_003701325.1;GCA_003701385.1;GCA_003701475.1;GCA_003701485.1;GCA_003701515.1;GCA_003701695.1;GCA_003701705.1;GCA_003701725.1;GCA_003701775.1;GCA_003701825.1;GCA_003701865.1;GCA_003701915.1;GCA_003701975.1;GCA_003702035.1;GCA_003702125.1;GCA_003702145.1;GCA_003702335.1;GCA_003702375.1;GCA_003702785.1;GCA_003702805.1;GCA_003702845.1;GCA_003702965.1;GCA_003702975.1;GCA_003702985.1;GCA_003703035.1;GCA_003703335.1;GCA_008502015.1;GCA_013911125.1;GCA_014855475.1;GCA_017009525.1;GCA_017009545.1;GCA_017140835.1;GCA_017140875.1;GCA_020917325.1;GCA_022026035.1;GCA_024413095.1;GCA_024413415.1;GCA_024413515.1;GCA_029764015.1;GCA_029764045.1;GCA_041378945.2;GCA_054721025.1;GCA_056867655.1
Pseudomonas serbica,GCA_028823535.1;GCA_949767775.1;GCA_976987045.1;GCA_976997485.1;GCA_977008165.1
Pseudomonas serbiensis,GCA_030580745.1
Pseudomonas serboccidentalis,GCA_028830055.1;GCA_949768145.1
Pseudomonas shirazica,GCA_015168335.1;GCA_019049775.1;GCA_022049085.1;GCA_023278405.1;GCA_024105115.1;GCA_029866355.1;GCA_030380725.1;GCA_030509925.1;GCA_031435405.1;GCA_040984045.1;GCA_041353505.1;GCA_045032555.1;GCA_048276355.1;GCA_048276495.1;GCA_055523515.1;GCA_056114025.1;GCA_900291065.1
Pseudomonas shiyinii,GCA_056725765.1
Pseudomonas silensiensis,GCA_029504155.1;GCA_050434865.1
Pseudomonas silvicola,GCA_026651855.1
Pseudomonas solani,GCA_026072635.1;GCA_040281505.1;GCA_041941465.1;GCA_049535055.1;GCA_049546435.1;GCA_050709975.1;GCA_051244225.1
Pseudomonas spartinae,GCA_965197125.1
Pseudomonas spirodelae,GCA_034653255.1
Pseudomonas stagnisoli,GCA_048595745.1
Pseudomonas svalbardensis,GCA_030053115.1
Pseudomonas triticicola,GCA_019145375.1;GCA_051136225.1
Pseudomonas trutticola,GCA_056155105.1
Pseudomonas turukhanskensis,GCA_027922365.1
Pseudomonas ulcerans,GCA_036324005.1;GCA_036324125.1
Pseudomonas urethralis,GCA_013373915.1;GCA_021602465.1
Pseudomonas vesperimontis,GCA_037943105.1;GCA_038048985.1
Pseudomonas viridinivis,GCA_038096165.1
Pseudomonas wuhanensis,GCA_030687395.1;GCA_058111445.1
Pseudomonas xanthosomatis,GCA_019139835.1;GCA_041228775.1
Pseudomonas zeae,GCA_014268485.2;GCA_024610595.1;GCA_033989995.1;GCA_050188545.1;GCA_050188605.1;GCA_050188625.1;GCA_949767435.1
Pseudomonas zhanjiangensis,GCA_041027545.1
Rhizobium acaciae,GCA_025938135.1;GCA_025941605.1;GCA_025941625.1;GCA_052135615.1
Rhizobium albus,GCA_030160035.1
Rhizobium aouanii,GCA_037002845.1;GCA_037002865.1;GCA_037002925.1
Rhizobium arsenicireducens,GCA_964021225.1
Rhizobium atlanticum,GCA_030182485.1
Rhizobium aureum,GCA_030182495.1
Rhizobium azibense,GCA_004342325.1;GCA_004342645.1;GCA_004365425.1
Rhizobium beringeri,GCA_004306515.1;GCA_035920505.1;GCA_035921825.1;GCA_035925625.1;GCA_035927805.1;GCA_035965735.1;GCA_035971255.1;GCA_048820635.1;GCA_048820675.1;GCA_048820695.1;GCA_050033435.1;GCA_052135435.1;GCA_054263995.1
Rhizobium binxianense,GCA_028548195.1;GCA_028613575.1;GCA_028613695.1;GCA_028994075.1;GCA_028994275.1;GCA_976997425.1
Rhizobium centroccidentale,GCA_030182565.1
Rhizobium cerradonense,GCA_030182455.1
Rhizobium changzhiense,GCA_013087625.1;GCA_013426945.1;GCA_014050125.1;GCA_022487505.1
Rhizobium fabae,GCA_003985135.1;GCA_014196235.1
Rhizobium flavescens,GCA_011319365.1
Rhizobium indigoferae,GCA_013087605.1;GCA_030160595.1;GCA_034554815.1
Rhizobium kunmingense,GCA_977018605.1
Rhizobium mayense,GCA_030272705.1;GCA_046762185.1
Rhizobium moroccans,GCA_057559155.1
Rhizobium mulingense,GCA_029194105.1;GCA_034720605.1;GCA_035282125.1
Rhizobium oryzicola,GCA_030504645.1
Rhizobium pantanalense,GCA_030182525.1
Rhizobium quercicola,GCA_021168455.1
Rhizobium yanglingense,GCA_002200935.1;GCA_977109285.1
Xanthomonas alfalfae,GCA_001855615.1
Xanthomonas bundabergensis,GCA_041240605.1
Xanthomonas cerealis,GCA_000807145.1;GCA_001707115.1;GCA_006838285.1;GCA_021903335.1;GCA_021906995.1
Xanthomonas chitinilytica,GCA_026107455.2
Xanthomonas graminis,GCA_000313775.1;GCA_001269865.1;GCA_001282765.1;GCA_001282805.1;GCA_001282885.1;GCA_001659895.1;GCA_001659905.1;GCA_001659965.1;GCA_001707285.1;GCA_001707335.1;GCA_001707435.1;GCA_021903375.1;GCA_021903515.1;GCA_021906975.1;GCA_021919185.1;GCA_021919285.1;GCA_030168915.1;GCA_030168935.1;GCA_030168955.1;GCA_030168975.1;GCA_055476535.1;GCA_900092365.1;GCA_900092415.1;GCA_900092425.1;GCA_900092485.1;GCA_900092495.1;GCA_900092565.1
Xanthomonas hawaiiensis,GCA_017745875.1;GCA_031834475.1;GCA_031834635.1
Xanthomonas indica,GCA_022669045.1;GCA_022669065.1;GCA_040529045.1
Xanthomonas medicagonis,GCA_041242975.1
Xanthomonas perforans,GCA_000192045.3;GCA_000800665.1;GCA_001009365.1;GCA_001009385.1;GCA_001009395.1;GCA_001009405.1;GCA_001009445.1;GCA_001009465.1;GCA_001009475.1;GCA_001009485.1;GCA_001009545.1;GCA_001009665.1;GCA_001009675.1;GCA_001009685.1;GCA_001009705.1;GCA_001009745.1;GCA_001009765.1;GCA_001009785.1;GCA_001009795.1;GCA_001009825.1;GCA_001009845.1;GCA_001009855.1;GCA_001009865.1;GCA_001009885.1;GCA_001009925.1;GCA_001009935.1;GCA_001009945.1;GCA_001009955.1;GCA_001010005.1;GCA_001010015.1;GCA_001010025.2;GCA_001010035.1;GCA_001010085.1;GCA_001010105.1;GCA_001908855.1;GCA_001976075.1;GCA_003136155.1;GCA_003992975.1;GCA_003993015.1;GCA_003993025.1;GCA_003993035.1;GCA_003993055.1;GCA_003993095.1;GCA_003993105.1;GCA_003993115.1;GCA_003993135.1;GCA_003993535.1;GCA_003993575.1;GCA_004102065.1;GCA_004102075.1;GCA_004102085.1;GCA_004102095.1;GCA_004102165.1;GCA_004102175.1;GCA_004102205.1;GCA_004102215.1;GCA_004102225.1;GCA_004102235.1;GCA_004102275.1;GCA_004102305.1;GCA_004102315.1;GCA_004102325.1;GCA_004102335.1;GCA_004102345.1;GCA_004102405.1;GCA_004102415.1;GCA_004102425.1;GCA_004102435.1;GCA_004102455.1;GCA_004102505.1;GCA_004102515.1;GCA_004102525.1;GCA_004102535.1;GCA_006979525.1;GCA_006979535.1;GCA_006979545.1;GCA_006979555.1;GCA_006979565.1;GCA_006979625.1;GCA_006979635.1;GCA_006979645.1;GCA_006979655.1;GCA_006979675.1;GCA_006979715.1;GCA_006979725.1;GCA_006979735.1;GCA_006979785.1;GCA_006979805.1;GCA_006979815.1;GCA_006979835.1;GCA_006979855.1;GCA_006979875.1;GCA_006979895.1;GCA_006979915.1;GCA_006979945.1;GCA_006979955.1;GCA_006979965.1;GCA_006979975.1;GCA_006979985.1;GCA_006980045.1;GCA_006980055.1;GCA_006980075.1;GCA_006980085.1;GCA_006980095.1;GCA_006980115.1;GCA_006980165.1;GCA_006980175.1;GCA_006980195.1;GCA_006980215.1;GCA_006980225.1;GCA_006980245.1;GCA_006980275.1;GCA_006980285.1;GCA_006980305.1;GCA_006980315.1;GCA_006980365.1;GCA_006980375.1;GCA_006980385.1;GCA_006980395.1;GCA_006980405.1;GCA_006980465.1;GCA_006980475.1;GCA_006980495.1;GCA_006980505.1;GCA_006980525.1;GCA_006980565.2;GCA_006980575.1;GCA_006980585.1;GCA_006980615.1;GCA_006980625.1;GCA_006980655.1;GCA_006980665.1;GCA_007713955.1;GCA_007713965.1;GCA_007713985.1;GCA_007714045.1;GCA_007714065.1;GCA_007714075.1;GCA_007714105.1;GCA_007714115.1;GCA_009733625.1;GCA_009733635.1;GCA_010677265.1;GCA_010677275.1;GCA_010686825.1;GCA_010686845.1;GCA_010686865.1;GCA_010686885.1;GCA_010686895.1;GCA_010686935.1;GCA_010686965.1;GCA_010686975.1;GCA_013112235.1;GCA_019444145.1;GCA_019986165.1;GCA_019986185.1;GCA_019986195.1;GCA_019986215.1;GCA_019986245.1;GCA_019986265.1;GCA_019986275.1;GCA_019986295.1;GCA_019986305.1;GCA_019986345.1;GCA_019986365.1;GCA_019986385.1;GCA_019986395.1;GCA_019986405.1;GCA_019986445.1;GCA_019986455.1;GCA_019986485.1;GCA_019986505.1;GCA_019986515.1;GCA_019986565.1;GCA_019986585.1;GCA_019986605.1;GCA_019986625.1;GCA_019986645.1;GCA_019986665.1;GCA_019986675.1;GCA_019986705.1;GCA_019986725.1;GCA_019986745.1;GCA_019986765.1;GCA_019986785.1;GCA_019986805.1;GCA_019986825.1;GCA_019986845.1;GCA_019986855.1;GCA_019986885.1;GCA_019986905.1;GCA_019986925.1;GCA_019986945.1;GCA_019986955.1;GCA_019986975.1;GCA_019986985.1;GCA_019987025.1;GCA_019987045.1;GCA_019987055.1;GCA_019987085.1;GCA_019987105.1;GCA_019987125.1;GCA_019987145.1;GCA_019987155.1;GCA_019987165.1;GCA_019987205.1;GCA_019987225.1;GCA_019987245.1;GCA_019987265.1;GCA_019987275.1;GCA_019987305.1;GCA_019987325.1;GCA_019987345.1;GCA_019987365.1;GCA_019987385.1;GCA_019987405.1;GCA_019987425.1;GCA_019987445.1;GCA_019987455.1;GCA_019987485.1;GCA_019987505.1;GCA_019987515.1;GCA_019987525.1;GCA_019987535.1;GCA_019987585.1;GCA_019987605.1;GCA_019987625.1;GCA_019987645.1;GCA_019987655.1;GCA_019987685.1;GCA_019987705.1;GCA_019987715.1;GCA_019987745.1;GCA_019987765.1;GCA_019987785.1;GCA_019987795.1;GCA_019987825.1;GCA_019987835.1;GCA_019987865.1;GCA_019987885.1;GCA_019987905.1;GCA_019987925.1;GCA_019987935.1;GCA_019987965.1;GCA_019987975.1;GCA_019988005.1;GCA_019988025.1;GCA_019988045.1;GCA_019988065.1;GCA_019988085.1;GCA_019988105.1;GCA_019988125.1;GCA_019988145.1;GCA_019988165.1;GCA_019988175.1;GCA_019988185.1;GCA_019988225.1;GCA_019988245.1;GCA_019988255.1;GCA_019988275.1;GCA_019988285.1;GCA_019988325.1;GCA_019988345.1;GCA_019988365.1;GCA_019988375.1;GCA_019988395.1;GCA_019988425.1;GCA_019988445.1;GCA_019988465.1;GCA_019988485.1;GCA_019988505.1;GCA_019988515.1;GCA_019988535.1;GCA_019988565.1;GCA_019988585.1;GCA_019988605.1;GCA_019988615.1;GCA_019988645.1;GCA_019988665.1;GCA_019988685.1;GCA_019988705.1;GCA_019988725.1;GCA_019988745.1;GCA_019988765.1;GCA_019988785.1;GCA_019988795.1;GCA_019988845.1;GCA_019988905.1;GCA_019988945.1;GCA_019988985.1;GCA_019989005.1;GCA_019989025.1;GCA_019989065.1;GCA_019989075.1;GCA_019989095.1;GCA_019989115.1;GCA_019989145.1;GCA_019989165.1;GCA_019989175.1;GCA_019989205.1;GCA_019989225.1;GCA_019989245.1;GCA_019989265.1;GCA_019989275.1;GCA_019989305.1;GCA_019989315.1;GCA_019989345.1;GCA_019989365.1;GCA_019989385.1;GCA_019989405.1;GCA_019989425.1;GCA_019989445.1;GCA_019989465.1;GCA_019989485.1;GCA_019989505.1;GCA_019989515.1;GCA_019989545.1;GCA_019989565.1;GCA_019989575.1;GCA_019989605.1;GCA_019989625.1;GCA_019989645.1;GCA_019989665.1;GCA_019989685.1;GCA_019989705.1;GCA_019989715.1;GCA_019989745.1;GCA_019989765.1;GCA_019989775.1;GCA_019989795.1;GCA_019989805.1;GCA_019989845.1;GCA_019989865.1;GCA_019989875.1;GCA_019989895.1;GCA_019989925.2;GCA_019989945.1;GCA_019989955.1;GCA_019989985.1;GCA_019989995.1;GCA_019990025.1;GCA_019990045.1;GCA_019990065.1;GCA_019990085.1;GCA_019990095.1;GCA_019990125.1;GCA_019990145.1;GCA_019990165.1;GCA_019990175.1;GCA_019990205.1;GCA_019990225.1;GCA_019990245.1;GCA_019990265.1;GCA_019990275.1;GCA_019990295.1;GCA_019990325.1;GCA_019990345.1;GCA_019990355.1;GCA_019990385.1;GCA_019990405.1;GCA_019990425.1;GCA_019990445.1;GCA_019991165.1;GCA_019991185.1;GCA_019991205.1;GCA_019991215.1;GCA_019991245.1;GCA_019991265.1;GCA_019991285.1;GCA_019991305.1;GCA_019991325.1;GCA_019991335.1;GCA_019991345.1;GCA_019991385.1;GCA_019991405.1;GCA_019991415.1;GCA_019991425.1;GCA_019991465.1;GCA_019991485.1;GCA_019991505.1;GCA_019991525.1;GCA_019991545.1;GCA_019991555.1;GCA_019991585.1;GCA_019991605.1;GCA_019991625.1;GCA_019991635.1;GCA_019991665.1;GCA_019991685.1;GCA_019991695.1;GCA_019991725.1;GCA_019991745.1;GCA_019991765.1;GCA_019991785.1;GCA_019991805.1;GCA_019991825.1;GCA_019991845.1;GCA_019991865.1;GCA_019991875.1;GCA_019991905.1;GCA_019991925.1;GCA_019991945.1;GCA_019991955.1;GCA_019991985.1;GCA_019992005.1;GCA_019992025.1;GCA_019992045.1;GCA_019992065.1;GCA_019992085.1;GCA_019992095.1;GCA_019992125.1;GCA_019992145.1;GCA_019992155.1;GCA_019992165.1;GCA_019992205.1;GCA_019992225.1;GCA_019992235.1;GCA_019992255.1;GCA_019992285.1;GCA_019992295.1;GCA_019992325.1;GCA_019992345.1;GCA_019992365.1;GCA_019992385.1;GCA_019992405.1;GCA_019992425.1;GCA_019992445.1;GCA_019992455.1;GCA_019992485.1;GCA_019992495.1;GCA_019992525.1;GCA_019992565.1;GCA_019992585.1;GCA_019992605.1;GCA_019992635.1;GCA_019992665.1;GCA_020879295.1;GCA_020879555.1;GCA_020879675.1;GCA_020879695.1;GCA_020879715.1;GCA_020879735.1;GCA_020879955.1;GCA_020880155.1;GCA_020880335.1;GCA_020881595.1;GCA_021607265.1;GCA_021607285.1;GCA_021607305.1;GCA_021607325.1;GCA_021607345.1;GCA_021607365.1;GCA_021607385.1;GCA_021607395.1;GCA_021607415.1;GCA_021607425.1;GCA_021607465.1;GCA_021607485.1;GCA_021607495.1;GCA_021607525.1;GCA_021607545.1;GCA_021607565.1;GCA_021607575.1;GCA_021607605.1;GCA_021607625.1;GCA_021607645.1;GCA_021607655.1;GCA_021607685.1;GCA_021607705.1;GCA_021607725.1;GCA_021607745.1;GCA_021607765.1;GCA_021607775.1;GCA_021607805.1;GCA_021607815.1;GCA_021607845.1;GCA_021607865.1;GCA_021607885.1;GCA_021607895.1;GCA_021607925.1;GCA_021607945.1;GCA_021607955.1;GCA_021607985.1;GCA_021608005.1;GCA_021608025.1;GCA_021608055.1;GCA_028010245.1;GCA_028010265.1;GCA_028598865.1;GCA_028598875.1;GCA_028599515.1;GCA_028599525.1;GCA_028599575.1;GCA_028599615.1;GCA_031770305.1;GCA_031770375.1;GCA_031770415.1;GCA_031770505.1;GCA_031770545.1;GCA_031770585.1;GCA_031770625.1;GCA_031770665.1;GCA_031770705.1;GCA_031770785.1;GCA_031770805.1;GCA_031770845.1;GCA_031770885.1;GCA_031770905.1;GCA_031770985.1;GCA_031771005.1;GCA_031771065.1;GCA_031771085.1;GCA_031771145.1;GCA_031771165.1;GCA_031771265.1;GCA_031771305.1;GCA_031771325.1;GCA_031771365.1;GCA_031771445.1;GCA_031771465.1;GCA_031771505.1;GCA_031771525.1;GCA_031771565.1;GCA_031771625.1;GCA_031771655.1;GCA_031771685.1;GCA_031771725.1;GCA_031771745.1;GCA_031771805.1;GCA_037095835.1;GCA_039780945.1;GCA_039780965.1;GCA_039781005.1;GCA_039781205.1;GCA_039781245.1;GCA_039781265.1;GCA_039781285.1;GCA_039781325.1;GCA_039781405.1;GCA_039781425.1;GCA_039781445.1;GCA_040056165.1;GCA_040056195.1;GCA_040056415.1;GCA_040056435.1;GCA_040056485.1;GCA_040056505.1;GCA_040056545.1;GCA_040056555.1;GCA_040056705.1;GCA_040056945.1;GCA_040202535.2;GCA_041538205.1;GCA_041538245.1;GCA_041538265.1;GCA_041538285.1;GCA_041538305.1;GCA_041538405.1;GCA_041643335.1;GCA_041643355.1;GCA_041643375.1;GCA_041643415.1;GCA_041643435.1;GCA_041643455.1;GCA_041643475.1;GCA_041643495.1;GCA_041643515.1;GCA_041643535.1;GCA_041643555.1;GCA_041643575.1;GCA_041643595.1;GCA_041643605.1;GCA_041643635.1;GCA_041643655.1;GCA_041643675.1;GCA_041643695.1;GCA_041643715.1;GCA_041643735.1;GCA_041643755.1;GCA_041643775.1;GCA_041643795.1;GCA_041643815.1;GCA_041643835.1;GCA_041643855.1;GCA_041643875.1;GCA_041643895.1;GCA_041643915.1;GCA_041643935.1;GCA_041643955.1;GCA_041643975.1;GCA_041643995.1;GCA_041644015.1;GCA_041644035.1;GCA_041644055.1;GCA_041644075.1;GCA_041644095.1;GCA_041644115.1;GCA_041644135.1;GCA_041644155.1;GCA_041644175.1;GCA_041644195.1;GCA_041644205.1;GCA_041644235.1;GCA_041644245.1;GCA_041644275.1;GCA_041644295.1;GCA_041644315.1;GCA_041644335.1;GCA_041644355.1;GCA_041644375.1;GCA_041644395.1;GCA_041644415.1;GCA_041644435.1;GCA_041644455.1;GCA_041644475.1;GCA_041644495.1;GCA_041644515.1;GCA_041644535.1;GCA_041644555.1;GCA_041644565.1;GCA_041644595.1;GCA_041644615.1;GCA_041644675.1;GCA_041646035.1;GCA_041646095.1;GCA_041646115.1;GCA_041646135.1;GCA_041646155.1;GCA_041646175.1;GCA_041646195.1;GCA_041646215.1;GCA_041646235.1;GCA_041646255.1;GCA_041646275.1;GCA_041646295.1;GCA_041646315.1;GCA_041646335.1;GCA_041646355.1;GCA_041646375.1;GCA_041646395.1;GCA_041646415.1;GCA_041646435.1;GCA_041646455.1;GCA_041646475.1;GCA_041646495.1;GCA_041646515.1;GCA_041646535.1;GCA_041646555.1;GCA_041646575.1;GCA_041646585.1;GCA_041646605.1;GCA_041646635.1;GCA_041646655.1;GCA_041646675.1;GCA_041646695.1;GCA_041646705.1;GCA_041646735.1;GCA_041646755.1;GCA_041646775.1;GCA_041646795.1;GCA_041646815.1;GCA_041646835.1;GCA_041646855.1;GCA_041646875.1;GCA_041646895.1;GCA_041646915.1;GCA_041646935.1;GCA_041646955.1;GCA_041646975.1;GCA_041646995.1;GCA_041647015.1;GCA_041647035.1;GCA_041647055.1;GCA_041647075.1;GCA_041647095.1;GCA_041647115.1;GCA_041647135.1;GCA_041647155.1;GCA_041647175.1;GCA_041647195.1;GCA_041647215.1;GCA_041647235.1;GCA_041647255.1;GCA_041647275.1;GCA_041647295.1;GCA_041647315.1;GCA_041647335.1;GCA_041647355.1;GCA_041647375.1;GCA_041647395.1;GCA_041647415.1;GCA_041647435.1;GCA_041647455.1;GCA_041647475.1;GCA_041647495.1;GCA_041647515.1;GCA_041647525.1;GCA_041647555.1;GCA_041647575.1;GCA_041647595.1;GCA_041647615.1;GCA_041647635.1;GCA_041647655.1;GCA_042263665.1;GCA_042263725.1;GCA_042477975.1;GCA_042646765.1;GCA_042647405.1;GCA_048854645.1;GCA_048854665.1;GCA_048854675.1;GCA_048854685.1;GCA_048854695.1;GCA_048854825.1;GCA_048854835.1;GCA_048854845.1;GCA_048854855.1;GCA_048854965.1;GCA_048855025.1;GCA_048855045.1;GCA_048855065.1;GCA_048855125.1;GCA_048855145.1;GCA_048855225.1;GCA_048855245.1;GCA_048855305.1;GCA_048855325.1;GCA_048855345.1;GCA_048855405.1;GCA_048855465.1;GCA_048855505.1;GCA_048855525.1;GCA_048855545.1;GCA_048855625.1;GCA_048855665.1;GCA_048855685.1;GCA_048855705.1;GCA_054501875.1;GCA_054501945.1;GCA_054501955.1;GCA_054665835.1;GCA_054956615.1;GCA_054956675.1;GCA_054958125.1
Xanthomonas protegens,GCA_038442435.1;GCA_045559375.1;GCA_045559385.1;GCA_045559415.1;GCA_045559495.1
Xanthomonas retroflexus,GCA_900143175.1
Xanthomonas rydalmerensis,GCA_033170295.1;GCA_033170315.1;GCA_033170335.1;GCA_033170365.1;GCA_033170385.1
Xanthomonas tesorieronis,GCA_041245535.1;GCA_041245805.1
Xanthomonas translucens,GCA_000334075.1;GCA_001021935.1;GCA_001455815.1;GCA_001455835.1;GCA_001455845.1;GCA_001461905.1;GCA_001461915.1;GCA_001461925.1;GCA_001461965.1;GCA_001461975.1;GCA_001461995.1;GCA_001462005.1;GCA_001462045.1;GCA_001462065.1;GCA_001462075.1;GCA_001462095.1;GCA_001462125.1;GCA_001462145.1;GCA_001462155.1;GCA_001469515.1;GCA_001542045.1;GCA_001542205.1;GCA_001659915.1;GCA_001707125.1;GCA_001707145.1;GCA_001707195.1;GCA_001707225.1;GCA_001707235.1;GCA_001707275.1;GCA_003050685.1;GCA_008330965.1;GCA_008365355.1;GCA_009600865.1;GCA_014197395.1;GCA_014356755.1;GCA_017301655.1;GCA_017301675.1;GCA_017301695.1;GCA_017301715.1;GCA_017301775.1;GCA_017301795.1;GCA_017301815.1;GCA_017301835.1;GCA_017301855.1;GCA_020880735.1;GCA_021390095.1;GCA_021390115.1;GCA_021497045.1;GCA_021903275.1;GCA_021903295.1;GCA_021903355.1;GCA_021903395.1;GCA_022701115.1;GCA_022701135.1;GCA_023221635.1;GCA_024793845.1;GCA_024793985.1;GCA_025379685.1;GCA_025379695.1;GCA_025379705.1;GCA_025379715.1;GCA_025379735.1;GCA_025379785.1;GCA_025379795.1;GCA_025379805.1;GCA_025379825.1;GCA_025379835.1;GCA_025379885.1;GCA_025379925.1;GCA_030168895.1;GCA_030581915.1;GCA_030581975.1;GCA_030582015.1;GCA_030582075.1;GCA_030582115.1;GCA_031851835.1;GCA_031851855.1;GCA_035117575.1;GCA_037232885.1;GCA_042432025.1;GCA_044500585.1;GCA_046309175.1;GCA_049991895.1;GCA_051523555.1;GCA_051853165.1;GCA_051853175.1;GCA_053485925.1;GCA_053485995.1;GCA_900094325.1
